day,arm,period,universe,ticks,trades,gross_pnl,modeled_cost,net_pnl,net_pct,equity_start,equity_end,halted,day_stop,session_close
2025-09-05,movers,pre_vault,"SPY,QQQ,NVDA,TSLA,AMZN,GOOGL,AAPL,AVGO,META,PLTR",13,1,-0.2841,0.0747,-0.3588,-0.5682,50.0,49.7159,False,False,16:00
2025-09-08,movers,pre_vault,"SPY,QQQ,TSLA,NVDA,AVGO,MSFT,AAPL,PLTR,AMD,IWM",13,2,-0.8892,0.1477,-1.0369,-1.7886,49.7159,48.8267,False,False,16:00
2025-09-09,movers,pre_vault,"SPY,NVDA,QQQ,TSLA,AVGO,HOOD,AAPL,META,MSFT,AMZN",13,2,-0.0458,0.1466,-0.1924,-0.094,48.8267,48.7808,False,False,16:00
2025-09-10,movers,pre_vault,"SPY,NVDA,QQQ,TSLA,AAPL,PLTR,GOOGL,AVGO,META,IWM",13,3,-0.3487,0.2186,-0.5673,-0.7146,48.7808,48.4322,False,False,16:00
2025-09-11,movers,pre_vault,"SPY,NVDA,QQQ,TSLA,AAPL,AVGO,AMZN,MSFT,PLTR,META",13,2,0.7976,0.1466,0.651,1.6468,48.4322,49.2298,False,False,16:00
2025-09-12,movers,pre_vault,"SPY,TSLA,NVDA,QQQ,AAPL,AVGO,IWM,MSFT,AMZN,BABA",13,2,0.2529,0.1482,0.1047,0.5137,49.2298,49.4827,False,False,16:00
2025-09-15,movers,pre_vault,"TSLA,SPY,QQQ,NVDA,AAPL,MSFT,AVGO,IWM,PLTR,AMZN",13,2,0.1988,0.1489,0.0499,0.4018,49.4827,49.6815,False,False,16:00
2025-09-16,movers,pre_vault,"TSLA,SPY,QQQ,NVDA,GOOGL,AAPL,MSFT,META,AVGO,IWM",13,2,-0.0981,0.1488,-0.2469,-0.1975,49.6815,49.5834,False,False,16:00
2025-09-17,movers,pre_vault,"TSLA,SPY,NVDA,QQQ,AAPL,MSFT,META,AMZN,IWM,GOOGL",13,2,0.1567,0.149,0.0077,0.316,49.5834,49.7401,False,False,16:00
2025-09-18,movers,pre_vault,"SPY,TSLA,QQQ,NVDA,IWM,AVGO,PLTR,AAPL,AMZN,GOOGL",13,2,0.1798,0.1495,0.0303,0.3615,49.7401,49.9199,False,False,16:00
2025-09-19,movers,pre_vault,"SPY,TSLA,QQQ,NVDA,INTC,AMD,PLTR,IWM,AAPL,MSFT",13,2,-0.7614,0.1487,-0.9101,-1.5252,49.9199,49.1585,False,False,16:00
2025-09-22,movers,pre_vault,"SPY,NVDA,AAPL,TSLA,QQQ,MSFT,HOOD,AMZN,PLTR,META",13,2,-0.5047,0.1468,-0.6515,-1.0267,49.1585,48.6538,False,False,16:00
2025-09-23,movers,pre_vault,"NVDA,SPY,TSLA,QQQ,AAPL,IWM,AMZN,MSFT,AVGO,META",13,1,-0.5847,0.0722,-0.6569,-1.2018,48.6538,48.0691,False,False,16:00
2025-09-24,movers,pre_vault,"SPY,QQQ,TSLA,NVDA,AMZN,AAPL,PLTR,IWM,MSFT,META",13,1,0.1435,0.0725,0.071,0.2985,48.0691,48.2126,False,False,16:00
2025-09-25,movers,pre_vault,"SPY,TSLA,QQQ,NVDA,AMZN,AAPL,BABA,MU,IWM,PLTR",13,2,-0.0032,0.1448,-0.148,-0.0066,48.2126,48.2094,False,False,16:00
2025-09-26,movers,pre_vault,"SPY,QQQ,TSLA,NVDA,AAPL,PLTR,AMZN,INTC,IWM,MSFT",13,2,-0.2773,0.1444,-0.4217,-0.5752,48.2094,47.9321,False,False,16:00
2025-09-29,movers,pre_vault,"SPY,TSLA,QQQ,NVDA,AAPL,INTC,AMZN,MSFT,PLTR,META",13,3,-0.4333,0.2145,-0.6478,-0.9042,47.9321,47.4987,False,False,16:00
2025-09-30,movers,pre_vault,"SPY,TSLA,NVDA,QQQ,AAPL,AMZN,MSFT,HOOD,GOOGL,AVGO",13,2,0.1068,0.1428,-0.036,0.2248,47.4987,47.6055,False,False,16:00
2025-10-01,movers,pre_vault,"SPY,NVDA,TSLA,QQQ,META,AMZN,MSFT,AAPL,GOOGL,IWM",13,2,0.2574,0.1432,0.1142,0.5407,47.6055,47.8629,False,False,16:00
2025-10-02,movers,pre_vault,"SPY,TSLA,NVDA,QQQ,META,AAPL,MSFT,AMZN,PLTR,GOOGL",13,2,-0.1075,0.1435,-0.251,-0.2244,47.8629,47.7555,False,False,16:00
2025-10-03,movers,pre_vault,"TSLA,SPY,QQQ,NVDA,AAPL,MSFT,AMD,AMZN,META,PLTR",13,2,-0.3296,0.1429,-0.4725,-0.6904,47.7555,47.4258,False,False,16:00
2025-10-06,movers,pre_vault,"TSLA,SPY,QQQ,NVDA,PLTR,AAPL,META,AMZN,IWM,MSFT",13,2,-0.0097,0.1423,-0.152,-0.0205,47.4258,47.4161,False,False,16:00
2025-10-07,movers,pre_vault,"AMD,TSLA,SPY,NVDA,QQQ,META,AAPL,MSFT,AMZN,PLTR",13,1,-0.7766,0.0701,-0.8467,-1.6378,47.4161,46.6395,False,False,16:00
2025-10-08,movers,pre_vault,"SPY,TSLA,QQQ,NVDA,AMD,PLTR,META,AAPL,IWM,MSFT",13,2,-0.0026,0.1401,-0.1427,-0.0054,46.6395,46.637,False,False,16:00
2025-10-09,movers,pre_vault,"SPY,AMD,TSLA,QQQ,NVDA,AMZN,AAPL,META,AVGO,MSFT",13,2,0.3151,0.1405,0.1746,0.6756,46.637,46.9521,False,False,16:00
2025-10-10,movers,pre_vault,"SPY,NVDA,TSLA,QQQ,AMD,AMZN,AAPL,MSFT,META,PLTR",13,1,-0.3612,0.07,-0.4312,-0.7693,46.9521,46.5909,False,False,16:00
2025-10-13,movers,pre_vault,"SPY,QQQ,NVDA,TSLA,AMD,IWM,AMZN,AAPL,MSFT,META",13,2,0.1839,0.1401,0.0438,0.3947,46.5909,46.7748,False,False,16:00
2025-10-14,movers,pre_vault,"SPY,QQQ,TSLA,NVDA,AVGO,AMD,AAPL,IWM,AMZN,MSFT",13,2,0.1983,0.1407,0.0576,0.4242,46.7748,46.9732,False,False,16:00
2025-10-15,movers,pre_vault,"SPY,QQQ,NVDA,TSLA,AMD,IWM,AMZN,PLTR,AAPL,AVGO",13,3,-0.6136,0.2098,-0.8234,-1.3063,46.9732,46.3596,False,False,16:00
2025-10-16,movers,pre_vault,"SPY,NVDA,QQQ,TSLA,AMD,IWM,AMZN,AAPL,AVGO,MSFT",13,2,-1.3558,0.1372,-1.493,-1.7114,46.3596,45.5662,True,False,16:00
2025-10-17,movers,pre_vault,"SPY,QQQ,TSLA,NVDA,AMD,IWM,AAPL,AMZN,MU,TQQQ",13,2,0.4041,0.1358,0.2683,0.8981,45.0037,45.4079,False,False,16:00
2025-10-20,movers,pre_vault,"SPY,QQQ,TSLA,NVDA,IWM,AMD,AAPL,MSFT,AMZN,META",13,2,0.0004,0.1364,-0.136,0.0009,45.4079,45.4083,False,False,16:00
2025-10-21,movers,pre_vault,"SPY,TSLA,QQQ,AAPL,NVDA,AMD,AMZN,IWM,MSFT,META",13,2,-0.186,0.1361,-0.3221,-0.4096,45.4083,45.2223,False,False,16:00
2025-10-22,movers,pre_vault,"SPY,QQQ,TSLA,NVDA,AAPL,GOOGL,AMD,AMZN,MSFT,IWM",13,0,0,0,0,0.0,45.2223,45.2223,False,False,16:00
2025-10-23,movers,pre_vault,"SPY,QQQ,TSLA,NVDA,AMD,AAPL,IWM,PLTR,MSFT,AMZN",13,2,0.3127,0.1363,0.1764,0.6915,45.2223,45.535,False,False,16:00
2025-10-24,movers,pre_vault,"TSLA,SPY,QQQ,NVDA,AMD,AAPL,MSFT,META,IWM,AMZN",13,2,-0.2359,0.1364,-0.3723,-0.5181,45.535,45.2991,False,False,16:00
2025-10-27,movers,pre_vault,"SPY,TSLA,QQQ,NVDA,AMD,AAPL,INTC,AMZN,MSFT,GOOGL",13,2,0.0544,0.136,-0.0816,0.1199,45.2991,45.3534,False,False,16:00
2025-10-28,movers,pre_vault,"TSLA,SPY,QQQ,NVDA,AMD,AAPL,MSFT,GOOGL,PLTR,AMZN",13,2,-0.4213,0.1356,-0.5569,-0.9289,45.3534,44.9321,False,False,16:00
2025-10-29,movers,pre_vault,"NVDA,SPY,QQQ,TSLA,MSFT,AMD,AAPL,AMZN,META,GOOGL",13,1,0.2552,0.0679,0.1873,0.568,44.9321,45.1873,False,False,16:00
2025-10-30,movers,pre_vault,"NVDA,SPY,QQQ,TSLA,META,MSFT,IWM,AAPL,AMD,PLTR",13,1,-0.3149,0.0674,-0.3823,-0.6969,45.1873,44.8724,False,False,16:00
2025-10-31,movers,pre_vault,"META,SPY,QQQ,NVDA,TSLA,AMZN,MSFT,GOOGL,AAPL,AMD",13,2,-0.4214,0.1342,-0.5556,-0.9391,44.8724,44.451,False,False,16:00
2025-11-03,movers,pre_vault,"SPY,QQQ,AMZN,TSLA,META,NVDA,AAPL,MSFT,GOOGL,PLTR",13,3,-0.7438,0.198,-0.9418,-1.6733,44.451,43.7072,False,False,16:00
2025-11-04,movers,pre_vault,"TSLA,SPY,NVDA,AMZN,QQQ,META,PLTR,AAPL,MSFT,AMD",13,2,-0.6206,0.1303,-0.7509,-1.4197,43.7072,43.0867,False,False,16:00
2025-11-05,movers,pre_vault,"SPY,QQQ,TSLA,NVDA,PLTR,META,AMD,AAPL,AMZN,MSFT",13,2,0.0974,0.1296,-0.0322,0.2261,43.0867,43.1841,False,False,16:00
2025-11-06,movers,pre_vault,"SPY,TSLA,NVDA,QQQ,AMD,PLTR,META,AAPL,MSFT,AMZN",13,1,-0.1495,0.0647,-0.2142,-0.3462,43.1841,43.0346,False,False,16:00
2025-11-07,movers,pre_vault,"SPY,TSLA,QQQ,NVDA,AMD,META,AAPL,PLTR,MSFT,AMZN",13,3,-0.4479,0.1921,-0.64,-1.0408,43.0346,42.5867,False,False,16:00
2025-11-10,movers,pre_vault,"SPY,QQQ,NVDA,TSLA,META,IWM,PLTR,AAPL,AMD,MSFT",13,2,-0.1952,0.1275,-0.3227,-0.4584,42.5867,42.3915,False,False,16:00
2025-11-11,movers,pre_vault,"SPY,NVDA,QQQ,TSLA,PLTR,MSFT,META,AAPL,AMD,AMZN",13,2,0.0045,0.1273,-0.1228,0.0109,42.3915,42.3961,False,False,16:00
2025-11-12,movers,pre_vault,"SPY,NVDA,QQQ,TSLA,AMD,AAPL,PLTR,MSFT,META,IWM",13,2,-0.5414,0.1257,-0.6671,-1.277,42.3961,41.8547,False,False,16:00
2025-11-13,movers,pre_vault,"SPY,NVDA,QQQ,AMD,TSLA,META,MSFT,AAPL,PLTR,IWM",13,3,-0.7976,0.1861,-0.9837,-1.0802,41.8547,41.4026,True,False,16:00
2025-11-14,movers,pre_vault,"SPY,TSLA,QQQ,NVDA,AMD,IWM,AAPL,META,MSFT,PLTR",13,2,0.0332,0.1233,-0.0901,0.0809,41.0571,41.0903,False,False,16:00
2025-11-17,movers,pre_vault,"SPY,QQQ,TSLA,NVDA,MSFT,IWM,AAPL,META,AMD,TQQQ",13,1,-0.7688,0.0606,-0.8294,-1.871,41.0903,40.3215,False,False,16:00
2025-11-18,movers,pre_vault,"SPY,TSLA,QQQ,NVDA,GOOGL,AMZN,IWM,AAPL,META,MSFT",13,2,0.0912,0.1212,-0.03,0.2262,40.3215,40.4127,False,False,16:00
2025-11-19,movers,pre_vault,"SPY,QQQ,NVDA,TSLA,MSFT,META,IWM,GOOGL,AMZN,TQQQ",13,2,-1.4325,0.1192,-1.5517,-3.5447,40.4127,38.9802,False,True,16:00
2025-11-20,movers,pre_vault,"SPY,NVDA,QQQ,TSLA,GOOGL,META,IWM,AMZN,AMD,MSFT",13,2,-1.4358,0.1149,-1.5507,-3.6834,38.9802,37.5444,False,True,16:00
2025-11-21,movers,pre_vault,"SPY,QQQ,NVDA,TSLA,IWM,GOOGL,AMD,MSFT,PLTR,AAPL",13,2,0.3734,0.1133,0.2601,0.9943,37.5444,37.9177,False,False,16:00
2025-11-24,movers,pre_vault,"SPY,NVDA,QQQ,TSLA,IWM,GOOGL,AAPL,AMZN,MSFT,AMD",13,2,0.1385,0.114,0.0245,0.3653,37.9177,38.0562,False,False,16:00
2025-11-25,movers,pre_vault,"SPY,NVDA,TSLA,QQQ,GOOGL,AAPL,AVGO,MSFT,META,AMZN",13,2,0.1478,0.1144,0.0334,0.3884,38.0562,38.204,False,False,16:00
2025-11-26,movers,pre_vault,"NVDA,SPY,QQQ,TSLA,GOOGL,META,AMD,MSFT,AAPL,AVGO",13,2,0.1955,0.1151,0.0804,0.512,38.204,38.3996,False,False,16:00
2025-11-28,movers,pre_vault,"SPY,NVDA,TSLA,QQQ,GOOGL,MSFT,AVGO,META,AAPL,AMD",7,2,-0.1144,0.1152,-0.2296,-0.2982,38.3996,38.2851,False,False,13:00
2025-12-01,movers,pre_vault,"SPY,NVDA,TSLA,QQQ,GOOGL,META,MSFT,AAPL,AVGO,AMZN",13,2,-0.0057,0.115,-0.1207,-0.0149,38.2851,38.2794,False,False,16:00
2025-12-02,movers,pre_vault,"SPY,NVDA,QQQ,TSLA,AAPL,GOOGL,MSFT,AMZN,IWM,AVGO",13,3,-0.7316,0.1702,-0.9018,-1.9112,38.2794,37.5478,False,False,16:00
2025-12-03,movers,pre_vault,"SPY,QQQ,NVDA,TSLA,AAPL,GOOGL,AMZN,MSFT,AMD,AVGO",13,2,0.0887,0.1128,-0.0241,0.2362,37.5478,37.6365,False,False,16:00
2025-12-04,movers,pre_vault,"SPY,TSLA,QQQ,NVDA,MSFT,GOOGL,AAPL,AMZN,IWM,AVGO",13,2,-0.1732,0.1127,-0.2859,-0.4602,37.6365,37.4633,False,False,16:00
2025-12-05,movers,pre_vault,"SPY,TSLA,NVDA,QQQ,META,AAPL,MSFT,AMZN,IWM,GOOGL",13,2,-0.2776,0.1121,-0.3897,-0.3932,37.4633,37.316,True,False,16:00
2025-12-08,movers,pre_vault,"SPY,QQQ,NVDA,TSLA,META,AAPL,MSFT,AVGO,GOOGL,IWM",13,2,-0.4654,0.1109,-0.5763,-1.2513,37.1857,36.7204,False,False,16:00
2025-12-09,movers,pre_vault,"NVDA,SPY,TSLA,QQQ,AVGO,MSFT,GOOGL,AAPL,META,AMZN",13,2,-0.0883,0.1101,-0.1984,-0.2405,36.7204,36.6321,False,False,16:00
2025-12-10,movers,pre_vault,"SPY,TSLA,NVDA,QQQ,AVGO,GOOGL,AAPL,META,IWM,MSFT",13,2,0.2901,0.1104,0.1797,0.7919,36.6321,36.9222,False,False,16:00
2025-12-11,movers,pre_vault,"SPY,QQQ,NVDA,TSLA,MSFT,IWM,AVGO,PLTR,META,GOOGL",13,2,-0.122,0.1108,-0.2328,-0.3307,36.9222,36.8001,False,False,16:00
2025-12-12,movers,pre_vault,"SPY,QQQ,NVDA,TSLA,AVGO,GOOGL,MSFT,IWM,AAPL,META",13,0,0,0,0,0.0,36.8001,36.8001,False,False,16:00
2025-12-15,movers,pre_vault,"SPY,QQQ,TSLA,NVDA,AVGO,IWM,GOOGL,AAPL,MSFT,META",13,1,-0.0334,0.0552,-0.0886,-0.0908,36.8001,36.7667,False,False,16:00
2025-12-16,movers,pre_vault,"SPY,TSLA,QQQ,NVDA,AVGO,AAPL,MSFT,IWM,AMZN,META",13,2,0.477,0.1111,0.3659,1.2974,36.7667,37.2437,False,False,16:00
2025-12-17,movers,pre_vault,"SPY,TSLA,QQQ,NVDA,AVGO,IWM,AAPL,MSFT,META,GOOGL",13,1,-0.0691,0.0558,-0.1249,-0.1855,37.2437,37.1746,False,False,16:00
2025-12-18,movers,pre_vault,"SPY,TSLA,QQQ,NVDA,AVGO,AAPL,GOOGL,MSFT,META,AMZN",13,2,-0.2591,0.1112,-0.3703,-0.697,37.1746,36.9155,False,False,16:00
2025-12-19,movers,pre_vault,"SPY,QQQ,TSLA,NVDA,AVGO,MU,AAPL,MSFT,META,AMZN",13,2,-0.0272,0.1108,-0.138,-0.0737,36.9155,36.8883,False,False,16:00
2025-12-22,movers,pre_vault,"SPY,NVDA,AVGO,TSLA,AAPL,QQQ,MSFT,META,AMZN,GOOGL",13,1,-0.0483,0.0554,-0.1037,-0.1309,36.8883,36.84,False,False,16:00
2025-12-23,movers,pre_vault,"SPY,TSLA,QQQ,NVDA,META,IWM,AAPL,AVGO,MU,MSFT",13,2,0.4711,0.1113,0.3598,1.2785,36.84,37.311,False,False,16:00
2025-12-24,movers,pre_vault,"SPY,NVDA,TSLA,QQQ,AVGO,AAPL,GOOGL,MSFT,AMZN,IWM",7,2,-0.0105,0.112,-0.1225,-0.0281,37.311,37.3005,False,False,13:00
2025-12-26,movers,pre_vault,"SPY,TSLA,NVDA,QQQ,MU,AAPL,AVGO,META,GOOGL,IWM",13,2,-0.2033,0.1117,-0.315,-0.545,37.3005,37.0972,False,False,16:00
2025-12-29,movers,pre_vault,"SPY,TSLA,NVDA,QQQ,AAPL,AVGO,MU,PLTR,META,IWM",13,1,0.2346,0.0561,0.1785,0.6324,37.0972,37.3318,False,False,16:00
2025-12-30,movers,pre_vault,"SPY,TSLA,NVDA,QQQ,MU,AVGO,AAPL,IWM,GOOGL,META",13,1,-0.3145,0.0556,-0.3701,-0.8424,37.3318,37.0173,False,False,16:00
2025-12-31,movers,pre_vault,"SPY,TSLA,QQQ,NVDA,MSFT,MU,META,AAPL,AVGO,IWM",13,0,0,0,0,0.0,37.0173,37.0173,False,False,16:00
2026-01-02,movers,pre_vault,"SPY,QQQ,NVDA,TSLA,IWM,MSFT,AAPL,AMZN,AVGO,META",13,1,-0.0682,0.0555,-0.1237,-0.184,37.0173,36.9492,False,False,16:00
2026-01-05,movers,pre_vault,"SPY,QQQ,TSLA,NVDA,MU,MSFT,AMZN,AAPL,PLTR,GOOGL",13,2,-0.1147,0.1108,-0.2255,-0.3104,36.9492,36.8345,False,False,16:00
2026-01-06,movers,pre_vault,"SPY,NVDA,TSLA,QQQ,AAPL,MSFT,AMZN,MU,AVGO,GOOGL",13,2,0.3346,0.1111,0.2235,0.9084,36.8345,37.1691,False,False,16:00
2026-01-07,movers,pre_vault,"SPY,TSLA,NVDA,QQQ,MU,AAPL,AMZN,MSFT,IWM,GOOGL",13,2,-0.3917,0.1108,-0.5025,-1.0538,37.1691,36.7774,False,False,16:00
2026-01-08,movers,pre_vault,"SPY,NVDA,QQQ,TSLA,AAPL,MSFT,GOOGL,MU,AMZN,IWM",13,2,-0.0174,0.1103,-0.1277,-0.0473,36.7774,36.76,False,False,16:00
2026-01-09,movers,pre_vault,"SPY,NVDA,QQQ,TSLA,AAPL,MU,GOOGL,IWM,AMZN,MSFT",13,2,0.0554,0.1105,-0.0551,0.151,36.76,36.8155,False,False,16:00
2026-01-12,movers,pre_vault,"SPY,QQQ,TSLA,NVDA,MU,AAPL,IWM,MSFT,GOOGL,AMZN",13,2,0.0024,0.1105,-0.1081,0.0062,36.8155,36.8178,False,False,16:00
2026-01-13,movers,pre_vault,"SPY,TSLA,NVDA,QQQ,AAPL,GOOGL,MSFT,META,AMZN,MU",13,1,-0.1821,0.055,-0.2371,-0.4946,36.8178,36.6357,False,False,16:00
2026-01-14,movers,pre_vault,"SPY,NVDA,QQQ,TSLA,MSFT,AMD,AAPL,META,GOOGL,AMZN",13,2,-0.1032,0.1098,-0.213,-0.2817,36.6357,36.5325,False,False,16:00
2026-01-15,movers,pre_vault,"SPY,QQQ,NVDA,TSLA,MSFT,AAPL,AVGO,AMZN,IWM,GOOGL",13,2,-0.2194,0.1094,-0.3288,-0.6003,36.5325,36.3132,False,False,16:00
2026-01-16,movers,pre_vault,"SPY,NVDA,QQQ,TSLA,AMD,MSFT,AMZN,AAPL,GOOGL,IWM",13,2,-0.1356,0.1088,-0.2444,-0.3734,36.3132,36.1776,False,False,16:00
2026-01-20,movers,pre_vault,"SPY,QQQ,NVDA,TSLA,AAPL,MU,MSFT,GOOGL,AVGO,AMZN",13,2,-0.403,0.108,-0.511,-1.1139,36.1776,35.7746,False,False,16:00
2026-01-21,movers,pre_vault,"SPY,QQQ,NVDA,TSLA,AAPL,MU,IWM,MSFT,GOOGL,AMZN",13,2,0.1439,0.1076,0.0363,0.4022,35.7746,35.9185,False,False,16:00
2026-01-22,movers,pre_vault,"SPY,QQQ,NVDA,TSLA,MU,MSFT,IWM,AMD,AAPL,INTC",13,2,-0.1999,0.1075,-0.3074,-0.5565,35.9185,35.7186,False,False,16:00
2026-01-23,movers,pre_vault,"SPY,TSLA,QQQ,NVDA,MU,META,MSFT,INTC,AAPL,AMD",13,2,-0.2472,0.1068,-0.354,-0.6918,35.7186,35.4715,False,False,16:00
2026-01-26,movers,pre_vault,"SPY,QQQ,NVDA,TSLA,MSFT,META,MU,INTC,AMD,IWM",13,2,-0.37,0.1055,-0.4755,-1.0431,35.4715,35.1015,False,False,16:00
2026-01-27,movers,pre_vault,"SPY,NVDA,QQQ,TSLA,AAPL,MSFT,MU,META,GOOGL,IWM",13,2,0.0483,0.1054,-0.0571,0.1376,35.1015,35.1498,False,False,16:00
2026-01-28,movers,pre_vault,"SPY,NVDA,QQQ,TSLA,MU,MSFT,AAPL,AMZN,META,AVGO",13,1,-0.0724,0.0527,-0.1251,-0.206,35.1498,35.0774,False,False,16:00
2026-01-29,movers,pre_vault,"SPY,QQQ,NVDA,TSLA,MU,MSFT,META,AAPL,AMZN,INTC",13,0,0,0,0,0.0,35.0774,35.0774,False,False,16:00
2026-01-30,movers,pre_vault,"SPY,MSFT,QQQ,META,TSLA,NVDA,MU,AAPL,GOOGL,IWM",13,3,-0.2182,0.1569,-0.3751,-0.6221,35.0774,34.8592,False,False,16:00
2026-02-02,movers,vault,"SPY,QQQ,TSLA,NVDA,MSFT,AAPL,MU,META,IWM,AMZN",13,2,-0.1952,0.1043,-0.2995,-0.56,34.8592,34.664,False,False,16:00
2026-02-03,movers,vault,"SPY,NVDA,QQQ,TSLA,AAPL,MSFT,MU,IWM,GOOGL,PLTR",13,1,-0.3184,0.0516,-0.37,-0.9185,34.664,34.3456,False,False,16:00
2026-02-04,movers,vault,"SPY,QQQ,NVDA,MSFT,TSLA,MU,PLTR,AAPL,IWM,AMD",13,1,-0.1156,0.0515,-0.1671,-0.3366,34.3456,34.23,False,False,16:00
2026-02-05,movers,vault,"SPY,QQQ,NVDA,TSLA,AAPL,GOOGL,MU,AMD,MSFT,PLTR",13,1,0.0599,0.0515,0.0084,0.175,34.23,34.2899,False,False,16:00
2026-02-06,movers,vault,"SPY,QQQ,NVDA,GOOGL,TSLA,MSFT,AMZN,MU,AAPL,AVGO",13,2,0.3328,0.1035,0.2293,0.9705,34.2899,34.6227,False,False,16:00
2026-02-09,movers,vault,"SPY,QQQ,NVDA,AMZN,TSLA,MSFT,GOOGL,MU,AAPL,META",13,2,0.0409,0.104,-0.0631,0.1178,34.6227,34.6635,False,False,16:00
2026-02-10,movers,vault,"SPY,NVDA,QQQ,TSLA,AMZN,MSFT,GOOGL,AAPL,MU,AVGO",13,2,-0.8682,0.1028,-0.971,-2.5047,34.6635,33.7953,False,False,16:00
2026-02-11,movers,vault,"SPY,QQQ,TSLA,NVDA,MSFT,AMZN,MU,GOOGL,AAPL,PLTR",13,2,-0.138,0.1011,-0.2391,-0.4083,33.7953,33.6573,False,False,16:00
2026-02-12,movers,vault,"SPY,QQQ,NVDA,TSLA,MU,MSFT,AAPL,GOOGL,AMZN,IWM",13,1,-0.0644,0.0504,-0.1148,-0.0752,33.6573,33.632,True,False,16:00
2026-02-13,movers,vault,"SPY,QQQ,NVDA,TSLA,AAPL,MU,AMZN,MSFT,GOOGL,IWM",13,2,-0.0083,0.1009,-0.1092,-0.0247,33.5929,33.5846,False,False,16:00
2026-02-17,movers,vault,"SPY,QQQ,NVDA,TSLA,AAPL,MU,MSFT,AMZN,IWM,GOOGL",13,2,-0.5641,0.1,-0.6641,-1.6796,33.5846,33.0205,False,False,16:00
2026-02-18,movers,vault,"SPY,QQQ,NVDA,TSLA,AAPL,AMZN,MSFT,GOOGL,MU,IWM",13,2,0.119,0.0993,0.0197,0.3601,33.0205,33.1394,False,False,16:00
2026-02-19,movers,vault,"SPY,QQQ,NVDA,TSLA,MU,AMZN,IWM,META,MSFT,AAPL",13,3,-0.3996,0.1478,-0.5474,-1.2058,33.1394,32.7398,False,False,16:00
2026-02-20,movers,vault,"SPY,QQQ,NVDA,TSLA,MSFT,MU,IWM,AAPL,GOOGL,AMZN",13,2,0.0144,0.0984,-0.084,0.0437,32.7398,32.7541,False,False,16:00
2026-02-23,movers,vault,"SPY,QQQ,NVDA,TSLA,GOOGL,AMZN,MSFT,MU,IWM,AAPL",13,1,-0.0733,0.0491,-0.1224,-0.2238,32.7541,32.6808,False,False,16:00
2026-02-24,movers,vault,"SPY,QQQ,NVDA,TSLA,MSFT,IWM,AMZN,MU,AAPL,GOOGL",13,2,0.0569,0.0982,-0.0413,0.1741,32.6808,32.7377,False,False,16:00
2026-02-25,movers,vault,"SPY,NVDA,QQQ,TSLA,AMD,MU,MSFT,AAPL,IWM,AMZN",13,2,0.0442,0.0984,-0.0542,0.1347,32.7377,32.7818,False,False,16:00
2026-02-26,movers,vault,"NVDA,SPY,QQQ,TSLA,MSFT,MU,GOOGL,AMD,AAPL,AMZN",13,0,0,0,0,0.0,32.7818,32.7818,False,False,16:00
2026-02-27,movers,vault,"NVDA,QQQ,SPY,TSLA,MU,MSFT,GOOGL,IWM,AVGO,AMZN",13,3,-0.6475,0.1457,-0.7932,-1.9752,32.7818,32.1343,False,False,16:00
2026-03-02,movers,vault,"SPY,NVDA,QQQ,TSLA,MSFT,AAPL,GOOGL,AMZN,MU,IWM",13,2,0.2238,0.0968,0.127,0.6965,32.1343,32.3581,False,False,16:00
2026-03-03,movers,vault,"SPY,QQQ,NVDA,TSLA,MSFT,IWM,MU,AAPL,GOOGL,PLTR",13,2,0.1849,0.0975,0.0874,0.5717,32.3581,32.5431,False,False,16:00
2026-03-04,movers,vault,"SPY,QQQ,NVDA,TSLA,MSFT,IWM,MU,GOOGL,AAPL,PLTR",13,2,0.0651,0.0979,-0.0328,0.2,32.5431,32.6082,False,False,16:00
2026-03-05,movers,vault,"SPY,QQQ,NVDA,TSLA,MSFT,MU,AMZN,AVGO,AAPL,IWM",13,2,-0.679,0.0969,-0.7759,-2.0826,32.6082,31.9291,False,False,16:00
2026-03-06,movers,vault,"SPY,QQQ,NVDA,TSLA,AVGO,MSFT,IWM,AMZN,AAPL,MU",13,2,-0.6519,0.0948,-0.7467,-2.0417,31.9291,31.2772,False,False,16:00
2026-03-09,movers,vault,"SPY,QQQ,NVDA,TSLA,IWM,AVGO,MSFT,MU,PLTR,AMZN",13,2,1.2179,0.0958,1.1221,3.8939,31.2772,32.4951,False,False,16:00
2026-03-10,movers,vault,"SPY,QQQ,NVDA,TSLA,IWM,AVGO,MU,MSFT,AMZN,AAPL",13,2,-0.5081,0.0967,-0.6048,-1.5636,32.4951,31.987,False,False,16:00
2026-03-11,movers,vault,"SPY,QQQ,NVDA,TSLA,IWM,MU,MSFT,AVGO,AAPL,AMZN",13,2,0.0412,0.0961,-0.0549,0.1288,31.987,32.0282,False,False,16:00
2026-03-12,movers,vault,"SPY,QQQ,NVDA,TSLA,IWM,MU,MSFT,GOOGL,AMZN,AAPL",13,1,-0.1465,0.0479,-0.1944,-0.4574,32.0282,31.8817,False,False,16:00
2026-03-13,movers,vault,"SPY,QQQ,NVDA,TSLA,IWM,MU,MSFT,AAPL,AMZN,PLTR",13,0,0,0,0,0.0,31.8817,31.8817,False,False,16:00
2026-03-16,movers,vault,"SPY,QQQ,NVDA,TSLA,MU,IWM,META,AVGO,MSFT,AAPL",13,2,-0.3788,0.0951,-0.4739,-1.1885,31.8817,31.5028,False,False,16:00
2026-03-17,movers,vault,"SPY,NVDA,QQQ,TSLA,MU,IWM,MSFT,AVGO,META,AMZN",13,2,0.1129,0.0948,0.0181,0.3584,31.5028,31.6157,False,False,16:00
2026-03-18,movers,vault,"SPY,NVDA,QQQ,MU,TSLA,AVGO,MSFT,IWM,AMZN,AAPL",13,2,-0.3745,0.0943,-0.4688,-1.1845,31.6157,31.2412,False,False,16:00
2026-03-19,movers,vault,"SPY,QQQ,NVDA,MU,TSLA,IWM,MSFT,AAPL,AVGO,AMZN",13,2,0.3181,0.0943,0.2238,1.0182,31.2412,31.5593,False,False,16:00
2026-03-20,movers,vault,"SPY,QQQ,MU,NVDA,TSLA,IWM,MSFT,AAPL,META,GOOGL",13,0,0,0,0,0.0,31.5593,31.5593,False,False,16:00
2026-03-23,movers,vault,"SPY,QQQ,NVDA,TSLA,MU,AAPL,MSFT,IWM,AVGO,GOOGL",13,2,-0.2529,0.0944,-0.3473,-0.8013,31.5593,31.3064,False,False,16:00
2026-03-24,movers,vault,"SPY,QQQ,NVDA,TSLA,MU,IWM,MSFT,AAPL,AMZN,PLTR",13,2,-0.1782,0.0937,-0.2719,-0.5689,31.3064,31.1283,False,False,16:00
2026-03-25,movers,vault,"SPY,QQQ,NVDA,TSLA,MU,MSFT,AAPL,IWM,GOOGL,PLTR",13,1,-0.1821,0.0464,-0.2285,-0.5853,31.1283,30.9461,False,False,16:00
2026-03-26,movers,vault,"SPY,QQQ,NVDA,TSLA,MU,MSFT,IWM,AMD,GOOGL,AMZN",13,1,-0.1942,0.0462,-0.2404,-0.3852,30.9461,30.8269,True,False,16:00
2026-03-27,movers,vault,"SPY,QQQ,NVDA,TSLA,META,MU,MSFT,IWM,GOOGL,AAPL",13,0,0,0,0,0.0,30.7519,30.7519,False,False,16:00
2026-03-30,movers,vault,"SPY,QQQ,NVDA,TSLA,MU,META,MSFT,AAPL,IWM,AMZN",13,3,-0.6643,0.1366,-0.8009,-2.1602,30.7519,30.0876,False,False,16:00
2026-03-31,movers,vault,"SPY,QQQ,NVDA,TSLA,MU,MSFT,IWM,META,AAPL,GOOGL",13,2,0.5901,0.0912,0.4989,1.9613,30.0876,30.6777,False,False,16:00
2026-04-01,movers,vault,"SPY,QQQ,NVDA,TSLA,MU,META,MSFT,IWM,GOOGL,AAPL",13,2,0.1473,0.0923,0.055,0.4802,30.6777,30.825,False,False,16:00
2026-04-02,movers,vault,"SPY,QQQ,NVDA,MU,TSLA,META,IWM,GOOGL,MSFT,AAPL",13,2,0.2288,0.0929,0.1359,0.7423,30.825,31.0538,False,False,16:00
2026-04-06,movers,vault,"SPY,TSLA,QQQ,NVDA,MU,MSFT,AMD,AAPL,META,IWM",13,2,-0.2179,0.0928,-0.3107,-0.702,31.0538,30.8358,False,False,16:00
2026-04-07,movers,vault,"TSLA,SPY,QQQ,NVDA,MU,AAPL,AMD,MSFT,IWM,META",13,1,-0.0753,0.0462,-0.1215,-0.2439,30.8358,30.7606,False,False,16:00
2026-04-08,movers,vault,"SPY,QQQ,TSLA,NVDA,AAPL,MU,AVGO,IWM,MSFT,GOOGL",13,1,-0.1213,0.0461,-0.1674,-0.3947,30.7606,30.6392,False,False,16:00
2026-04-09,movers,vault,"SPY,QQQ,TSLA,NVDA,MU,META,MSFT,IWM,AMZN,AVGO",13,2,0.3215,0.0925,0.229,1.0493,30.6392,30.9607,False,False,16:00
2026-04-10,movers,vault,"SPY,QQQ,TSLA,NVDA,MU,AMZN,PLTR,META,MSFT,INTC",13,2,-0.1823,0.0927,-0.275,-0.5891,30.9607,30.7783,False,False,16:00
2026-04-13,movers,vault,"NVDA,SPY,QQQ,TSLA,MU,PLTR,AMZN,AVGO,MSFT,AMD",13,2,0.0998,0.0925,0.0073,0.3246,30.7783,30.8782,False,False,16:00
2026-04-14,movers,vault,"SPY,NVDA,QQQ,TSLA,MU,MSFT,AMZN,AAPL,AVGO,PLTR",13,2,0.1088,0.0929,0.0159,0.352,30.8782,30.9869,False,False,16:00
2026-04-15,movers,vault,"SPY,NVDA,QQQ,MU,TSLA,AMZN,MSFT,AAPL,META,AVGO",13,2,0.9689,0.0945,0.8744,3.1268,30.9869,31.9558,False,False,16:00
2026-04-16,movers,vault,"TSLA,SPY,NVDA,QQQ,MSFT,MU,AAPL,AVGO,AMZN,META",13,2,-0.068,0.0958,-0.1638,-0.2131,31.9558,31.8877,False,False,16:00
2026-04-17,movers,vault,"SPY,QQQ,NVDA,TSLA,AMD,MSFT,MU,AAPL,AMZN,IWM",13,2,-0.0247,0.0957,-0.1204,-0.0771,31.8877,31.8631,False,False,16:00
2026-04-20,movers,vault,"SPY,TSLA,QQQ,NVDA,MSFT,AAPL,MU,AMZN,IWM,META",13,2,0.0178,0.0957,-0.0779,0.0562,31.8631,31.881,False,False,16:00
2026-04-21,movers,vault,"SPY,TSLA,NVDA,QQQ,MU,MSFT,AAPL,AMZN,AMD,META",13,2,0.1691,0.0959,0.0732,0.5307,31.881,32.0502,False,False,16:00
2026-04-22,movers,vault,"SPY,QQQ,NVDA,TSLA,MSFT,AAPL,MU,AMD,AMZN,IWM",13,2,0.1809,0.0965,0.0844,0.5641,32.0502,32.231,False,False,16:00
2026-04-23,movers,vault,"SPY,QQQ,TSLA,MU,NVDA,AMD,MSFT,AAPL,AVGO,AMZN",13,2,-0.3083,0.0963,-0.4046,-0.9565,32.231,31.9227,False,False,16:00
2026-04-24,movers,vault,"SPY,TSLA,QQQ,NVDA,MU,MSFT,AMD,SOXL,INTC,AMZN",13,2,0.0729,0.0959,-0.023,0.2284,31.9227,31.9956,False,False,16:00
2026-04-27,movers,vault,"NVDA,SPY,QQQ,AMD,TSLA,INTC,MU,AMZN,MSFT,SOXL",13,2,0.1622,0.0964,0.0658,0.5073,31.9956,32.1579,False,False,16:00
2026-04-28,movers,vault,"NVDA,TSLA,SPY,QQQ,MU,AMD,INTC,MSFT,AMZN,AAPL",13,2,-0.2559,0.0962,-0.3521,-0.7958,32.1579,31.902,False,False,16:00
2026-04-29,movers,vault,"NVDA,SPY,MU,QQQ,TSLA,AMD,MSFT,INTC,AMZN,AAPL",13,2,-0.1244,0.0956,-0.22,-0.3899,31.902,31.7776,False,False,16:00
2026-04-30,movers,vault,"SPY,NVDA,INTC,QQQ,AMZN,MU,TSLA,MSFT,AMD,META",13,2,0.4743,0.0961,0.3782,1.4926,31.7776,32.2519,False,False,16:00
2026-05-01,movers,vault,"SPY,NVDA,META,MSFT,GOOGL,QQQ,AMZN,AAPL,TSLA,MU",13,2,-0.3867,0.0963,-0.483,-1.199,32.2519,31.8652,False,False,16:00
2026-05-04,movers,vault,"SPY,QQQ,TSLA,NVDA,AAPL,MU,INTC,AMZN,META,MSFT",13,3,-0.3936,0.1423,-0.5359,-1.2352,31.8652,31.4716,False,False,16:00
2026-05-05,movers,vault,"SPY,MU,NVDA,QQQ,TSLA,AMD,AMZN,AAPL,MSFT,INTC",13,2,-0.2071,0.0942,-0.3013,-0.6577,31.4716,31.2646,False,False,16:00
2026-05-06,movers,vault,"MU,SPY,QQQ,AMD,NVDA,INTC,TSLA,AAPL,PLTR,AMZN",13,2,-0.0758,0.0937,-0.1695,-0.2428,31.2646,31.1887,False,False,16:00
2026-05-07,movers,vault,"NVDA,SPY,MU,AMD,QQQ,TSLA,INTC,AAPL,MSFT,GOOGL",13,2,-0.8147,0.0924,-0.9071,-2.6122,31.1887,30.374,False,False,16:00
2026-05-08,movers,vault,"SPY,NVDA,MU,QQQ,TSLA,AMD,MSFT,INTC,AAPL,SOXL",13,2,1.3751,0.0932,1.2819,4.5269,30.374,31.749,False,False,16:00
2026-05-11,movers,vault,"MU,SPY,QQQ,NVDA,INTC,TSLA,AMD,AAPL,MSFT,AVGO",13,2,0.4463,0.096,0.3503,1.4057,31.749,32.1953,False,False,16:00
2026-05-12,movers,vault,"MU,NVDA,TSLA,SPY,QQQ,INTC,AMD,MSFT,AAPL,GOOGL",13,1,-0.0355,0.0483,-0.0838,-0.11,32.1953,32.1599,False,False,16:00
2026-05-13,movers,vault,"MU,SPY,NVDA,QQQ,TSLA,INTC,AMD,SOXL,MSFT,AAPL",13,2,-0.2014,0.0963,-0.2977,-0.6262,32.1599,31.9585,False,False,16:00
2026-05-14,movers,vault,"MU,NVDA,SPY,TSLA,QQQ,AAPL,INTC,AMD,MSFT,GOOGL",13,2,-0.0034,0.0959,-0.0993,-0.0106,31.9585,31.9551,False,False,16:00
2026-05-15,movers,vault,"NVDA,SPY,MU,QQQ,TSLA,INTC,AMD,MSFT,AAPL,AVGO",13,2,0.0073,0.0959,-0.0886,0.0228,31.9551,31.9624,False,False,16:00
2026-05-18,movers,vault,"SPY,NVDA,QQQ,MU,TSLA,MSFT,AAPL,INTC,AMD,AMZN",13,1,-0.06,0.048,-0.108,-0.1877,31.9624,31.9024,False,False,16:00
2026-05-19,movers,vault,"MU,SPY,QQQ,NVDA,TSLA,INTC,MSFT,AMD,SOXL,GOOGL",13,2,-0.3095,0.0953,-0.4048,-0.9698,31.9024,31.593,False,False,16:00
2026-05-20,movers,vault,"MU,SPY,QQQ,NVDA,TSLA,INTC,AMD,GOOGL,MSFT,SOXL",13,3,-0.1721,0.1398,-0.3119,-0.5444,31.593,31.421,False,False,16:00
2026-05-21,movers,vault,"NVDA,MU,SPY,QQQ,INTC,TSLA,AMD,GOOGL,MSFT,AAPL",13,3,-0.1729,0.1407,-0.3136,-0.5503,31.421,31.2481,False,False,16:00
2026-05-22,movers,vault,"NVDA,MU,SPY,QQQ,TSLA,MSFT,AAPL,AMD,INTC,AMZN",13,2,-0.4191,0.0932,-0.5123,-1.3412,31.2481,30.829,False,False,16:00
2026-05-26,movers,vault,"NVDA,SPY,MU,QQQ,TSLA,AMD,AAPL,INTC,MSFT,SOXL",13,4,0.5576,0.1849,0.3727,1.8087,30.829,31.3866,False,False,16:00
2026-05-27,movers,vault,"MU,NVDA,SPY,QQQ,TSLA,AMD,AAPL,INTC,MSFT,SOXL",13,2,-0.3197,0.0937,-0.4134,-1.0183,31.3866,31.067,False,False,16:00
2026-05-28,movers,vault,"MU,NVDA,SPY,QQQ,TSLA,SOXL,AAPL,META,AMD,MSFT",13,2,0.0309,0.0933,-0.0624,0.0995,31.067,31.0979,False,False,16:00
2026-05-29,movers,vault,"MU,SPY,NVDA,QQQ,MSFT,AMD,AAPL,TSLA,INTC,AMZN",13,2,-0.1409,0.0931,-0.234,-0.4531,31.0979,30.957,False,False,16:00
2026-06-01,movers,vault,"NVDA,MU,SPY,MSFT,QQQ,INTC,AAPL,TSLA,AVGO,GOOGL",13,2,-0.4991,0.0922,-0.5913,-1.6122,30.957,30.4579,False,False,16:00
2026-06-02,movers,vault,"MU,NVDA,SPY,QQQ,MSFT,TSLA,META,AMD,AAPL,INTC",13,2,-0.0675,0.0913,-0.1588,-0.2216,30.4579,30.3904,False,False,16:00
2026-06-03,movers,vault,"MU,NVDA,SPY,QQQ,AVGO,GOOGL,MSFT,TSLA,AAPL,AMD",13,1,-0.2355,0.0453,-0.2808,-0.7749,30.3904,30.1549,False,False,16:00
2026-06-04,movers,vault,"MU,SPY,NVDA,QQQ,AVGO,GOOGL,TSLA,MSFT,AMD,AAPL",13,2,0.2466,0.0909,0.1557,0.8178,30.1549,30.4015,False,False,16:00
2026-06-05,movers,vault,"MU,SPY,NVDA,AVGO,QQQ,GOOGL,SOXL,AMD,TSLA,AAPL",13,0,0,0,0,0.0,30.4015,30.4015,False,False,16:00
2026-06-08,movers,vault,"QQQ,SPY,MU,NVDA,TSLA,AMD,AAPL,SOXL,AVGO,META",13,2,-0.0252,0.0913,-0.1165,-0.0829,30.4015,30.3763,False,False,16:00
2026-06-09,movers,vault,"MU,SPY,QQQ,NVDA,AAPL,TSLA,INTC,AVGO,SOXL,MSFT",13,0,0,0,0,0.0,30.3763,30.3763,False,False,16:00
2026-06-10,movers,vault,"MU,QQQ,SPY,NVDA,SOXL,TSLA,AAPL,AMD,INTC,AVGO",13,3,-1.0117,0.1342,-1.1459,-3.3302,30.3763,29.3647,False,True,16:00
2026-06-11,movers,vault,"MU,QQQ,SPY,NVDA,TSLA,SOXL,AAPL,AVGO,INTC,MSFT",13,2,-0.5722,0.0873,-0.6595,-0.1498,29.3647,29.3207,True,False,16:00
2026-06-12,movers,vault,"SPY,MU,QQQ,NVDA,INTC,MSFT,TSLA,SOXL,AMD,AVGO",13,2,-0.4328,0.0858,-0.5186,-1.5032,28.7925,28.3597,False,False,16:00
2026-06-15,movers,vault,"SPY,MU,QQQ,TSLA,NVDA,INTC,AMD,MSFT,AMZN,SOXL",13,2,-0.0783,0.085,-0.1633,-0.2761,28.3597,28.2814,False,False,16:00
2026-06-16,movers,vault,"MU,SPY,QQQ,NVDA,TSLA,AMD,INTC,AAPL,MSFT,AVGO",13,1,-0.0213,0.0424,-0.0637,-0.0753,28.2814,28.2601,False,False,16:00
2026-06-17,movers,vault,"SPY,MU,QQQ,NVDA,TSLA,INTC,AMD,MSFT,SOXL,AAPL",13,2,-1.3065,0.0828,-1.3893,-4.6231,28.2601,26.9536,False,True,16:00
2026-06-18,movers,vault,"SPY,MU,QQQ,NVDA,TSLA,MSFT,AVGO,INTC,AMD,AAPL",13,2,0.2721,0.0814,0.1907,1.0095,26.9536,27.2257,False,False,16:00
2026-06-22,movers,vault,"MU,SPY,NVDA,QQQ,INTC,AAPL,AMD,TSLA,MSFT,AVGO",13,2,-0.5678,0.0808,-0.6486,-2.0859,27.2257,26.6578,False,False,16:00
2026-06-23,movers,vault,"MU,SPY,QQQ,NVDA,TSLA,GOOGL,INTC,MSFT,AMZN,AMD",13,2,-0.34,0.0796,-0.4196,-0.6025,26.6578,26.4972,True,False,16:00
2026-06-24,movers,vault,"MU,SPY,QQQ,NVDA,TSLA,INTC,SOXL,AMD,AAPL,MSFT",13,2,-0.2757,0.0786,-0.3543,-1.0476,26.3179,26.0422,False,False,16:00
2026-06-25,movers,vault,"MU,SPY,QQQ,NVDA,AMZN,MSFT,AAPL,GOOGL,TSLA,AMD",13,1,0.0366,0.0391,-0.0025,0.1402,26.0422,26.0787,False,False,16:00
2026-06-26,movers,vault,"MU,SPY,QQQ,AAPL,NVDA,MSFT,AMZN,INTC,GOOGL,SOXL",13,2,-1.0331,0.0767,-1.1098,-3.9615,26.0787,25.0456,False,True,16:00
2026-06-29,movers,vault,"MU,AAPL,MSFT,AMZN,SPY,GOOGL,NVDA,QQQ,AMD,TSLA",13,2,0.6304,0.0762,0.5542,2.517,25.0456,25.676,False,False,16:00
2026-06-30,movers,vault,"MU,SPY,QQQ,NVDA,TSLA,MSFT,AAPL,AMZN,AMD,INTC",13,2,0.4139,0.0778,0.3361,1.6124,25.676,26.09,False,False,16:00
2026-07-01,movers,vault,"MU,SPY,NVDA,QQQ,AMD,AAPL,TSLA,MSFT,INTC,AMZN",13,2,-0.0646,0.0783,-0.1429,-0.248,26.09,26.0253,False,False,16:00
2026-07-02,movers,vault,"MU,SPY,QQQ,NVDA,META,MSFT,TSLA,AMD,AAPL,INTC",13,2,0.1596,0.0783,0.0813,0.6136,26.0253,26.185,False,False,16:00
2026-07-06,movers,vault,"MU,SPY,QQQ,TSLA,NVDA,AAPL,SOXL,MSFT,INTC,AMD",13,2,-1.1515,0.0768,-1.2283,-4.3979,26.185,25.0334,False,True,16:00
2026-07-07,movers,vault,"SPY,MU,TSLA,QQQ,NVDA,AMD,AAPL,MSFT,META,INTC",13,2,-0.291,0.0747,-0.3657,-1.162,25.0334,24.7425,False,False,16:00
2026-07-08,movers,vault,"MU,SPY,QQQ,NVDA,INTC,TSLA,AMD,AAPL,SOXL,META",13,2,0.2142,0.0747,0.1395,0.8657,24.7425,24.9567,False,False,16:00
2026-07-09,movers,vault,"MU,SPY,NVDA,QQQ,TSLA,AAPL,AMD,AVGO,INTC,SOXL",13,2,0.3241,0.0754,0.2487,1.2982,24.9567,25.2807,False,False,16:00
2026-07-10,movers,vault,"MU,SPY,NVDA,QQQ,META,TSLA,AAPL,AMD,MSFT,AVGO",13,2,0.0825,0.0758,0.0067,0.3263,25.2807,25.3632,False,False,16:00
2026-07-13,movers,vault,"SPY,NVDA,MU,META,QQQ,TSLA,AMD,AAPL,MSFT,INTC",13,2,-0.4914,0.0754,-0.5668,-1.9378,25.3632,24.8717,False,False,16:00
2026-07-14,movers,vault,"MU,SPY,QQQ,NVDA,AAPL,TSLA,META,AMD,MSFT,INTC",13,2,-0.1194,0.0745,-0.1939,-0.4801,24.8717,24.7523,False,False,16:00
2026-07-15,movers,vault,"MU,NVDA,SPY,QQQ,AMD,AAPL,META,MSFT,INTC,TSLA",13,2,0.151,0.0745,0.0765,0.61,24.7523,24.9033,False,False,16:00
2026-07-16,movers,vault,"MU,SPY,NVDA,QQQ,AAPL,AMD,MSFT,META,TSLA,INTC",13,3,-0.3881,0.1112,-0.4993,-1.5584,24.9033,24.5152,False,False,16:00
2026-07-17,movers,vault,"MU,SPY,QQQ,NVDA,AAPL,MSFT,GOOGL,AMD,TSLA,AMZN",13,2,0.0441,0.0738,-0.0297,0.1799,24.5152,24.5593,False,False,16:00
2026-07-20,movers,vault,"MU,SPY,QQQ,NVDA,AAPL,AMD,META,SOXL,MSFT,TSLA",13,2,0.1838,0.074,0.1098,0.748,24.5593,24.743,False,False,16:00
2026-07-21,movers,vault,"SPY,MU,QQQ,NVDA,AAPL,TSLA,AMD,MSFT,GOOGL,INTC",13,2,-0.0964,0.0742,-0.1706,-0.3892,24.743,24.6467,False,False,16:00
2026-07-22,movers,vault,"MU,SPY,QQQ,NVDA,AMD,AAPL,TSLA,INTC,MSFT,SOXL",13,2,-0.1161,0.0738,-0.1899,-0.4715,24.6467,24.5305,False,False,16:00
2026-07-23,movers,vault,"MU,NVDA,SPY,QQQ,AMD,GOOGL,AAPL,TSLA,MSFT,AMZN",13,1,-0.2947,0.0364,-0.3311,-1.2014,24.5305,24.2358,False,False,16:00
2026-07-24,movers,vault,"SPY,MU,TSLA,QQQ,NVDA,GOOGL,AMD,INTC,AAPL,MSFT",13,2,-0.125,0.0725,-0.1975,-0.5162,24.2358,24.1107,False,False,16:00
2026-07-27,movers,vault,"MU,SPY,QQQ,NVDA,TSLA,INTC,AAPL,AMD,MSFT,GOOGL",13,2,-0.307,0.0718,-0.3788,-0.9863,24.1107,23.8729,True,False,16:00
2026-07-28,movers,vault,"MU,SPY,NVDA,QQQ,AAPL,AMD,TSLA,INTC,SOXL,MSFT",13,2,0.0079,0.0715,-0.0636,0.0332,23.8038,23.8117,False,False,16:00
2026-07-29,movers,vault,"MU,SPY,QQQ,NVDA,AAPL,AMD,SOXL,INTC,MSFT,TSLA",13,2,-0.2707,0.0711,-0.3418,-1.1368,23.8117,23.541,False,False,16:00
2026-07-30,movers,vault,"MU,SPY,QQQ,NVDA,AAPL,MSFT,AMD,SOXL,META,INTC",13,2,-0.1278,0.0705,-0.1983,-0.5429,23.541,23.4132,False,False,16:00
2026-07-31,movers,vault,"MU,MSFT,SPY,QQQ,NVDA,AAPL,AMZN,META,AMD,INTC",13,2,-0.0321,0.0702,-0.1023,-0.1375,23.4132,23.381,False,False,16:00
2026-08-03,movers,vault,"SPY,MU,AAPL,AMZN,QQQ,MSFT,NVDA,GOOGL,META,AMD",13,2,0.2575,0.0705,0.187,1.1013,23.381,23.6385,False,False,16:00
2026-08-04,movers,vault,"SPY,MU,MSFT,QQQ,NVDA,AMZN,AAPL,META,GOOGL,TSLA",13,2,0.0758,0.071,0.0048,0.3202,23.6385,23.7142,False,False,16:00
2026-08-05,movers,vault,"SPY,QQQ,MU,NVDA,PLTR,AMD,MSFT,AAPL,AMZN,GOOGL",13,2,-0.2103,0.0708,-0.2811,-0.8868,23.7142,23.5039,False,False,16:00
2026-08-06,movers,vault,"NVDA,SPY,MU,QQQ,AMD,GOOGL,MSFT,AAPL,AMZN,PLTR",13,2,0.137,0.0707,0.0663,0.5833,23.5039,23.641,False,False,16:00
2026-08-07,movers,vault,"MU,SPY,NVDA,QQQ,MSFT,AAPL,AMD,GOOGL,TSLA,AMZN",13,2,-0.2142,0.0706,-0.2848,-0.9065,23.641,23.4267,False,False,16:00
2026-08-10,movers,vault,"SPY,MU,NVDA,QQQ,MSFT,PLTR,TSLA,AMD,AAPL,AMZN",13,2,-0.4477,0.0696,-0.5173,-1.9111,23.4267,22.979,False,False,16:00
2026-08-11,movers,vault,"SPY,NVDA,MU,QQQ,MSFT,AAPL,PLTR,AMZN,INTC,AMD",13,1,-0.0304,0.0344,-0.0648,-0.1323,22.979,22.9486,False,False,16:00
2026-08-12,movers,vault,"SPY,MU,NVDA,QQQ,INTC,MSFT,AAPL,GOOGL,AMZN,AMD",13,2,-0.3786,0.0683,-0.4469,-1.6493,22.9486,22.5701,False,False,16:00
2026-08-13,movers,vault,"MU,SPY,NVDA,QQQ,INTC,MSFT,AAPL,TSLA,META,AMD",13,2,-0.0932,0.0676,-0.1608,-0.4129,22.5701,22.4769,False,False,16:00
2026-08-14,movers,vault,"MU,SPY,QQQ,NVDA,AAPL,INTC,TSLA,MSFT,AMD,AMZN",13,2,-0.0242,0.0675,-0.0917,-0.1081,22.4769,22.4526,False,False,16:00
2026-08-17,movers,vault,"MU,SPY,QQQ,NVDA,TSLA,AMD,AVGO,INTC,AAPL,MSFT",13,2,-0.4177,0.0668,-0.4845,-1.8599,22.4526,22.035,False,False,16:00
2026-08-18,movers,vault,"MU,SPY,NVDA,QQQ,MSFT,AAPL,AMZN,AMD,META,INTC",13,2,-0.1173,0.0659,-0.1832,-0.5323,22.035,21.9177,False,False,16:00
2026-08-19,movers,vault,"QQQ,MU,SPY,NVDA,AAPL,META,INTC,MSFT,AMD,SOXL",13,2,-0.0941,0.0656,-0.1597,-0.4293,21.9177,21.8236,False,False,16:00
2026-08-20,movers,vault,"SPY,QQQ,MU,NVDA,AAPL,TSLA,AVGO,INTC,MSFT,AMZN",13,2,0.0301,0.0656,-0.0355,0.1379,21.8236,21.8537,False,False,16:00
2026-08-21,movers,vault,"SPY,MU,QQQ,NVDA,AAPL,TSLA,MSFT,INTC,META,AMZN",13,2,0.1397,0.0658,0.0739,0.6397,21.8537,21.9935,False,False,16:00
2026-08-24,movers,vault,"SPY,QQQ,TSLA,NVDA,MU,AAPL,MSFT,AMZN,INTC,META",13,2,-0.093,0.0659,-0.1589,-0.4224,21.9935,21.9006,False,False,16:00
2026-08-25,movers,vault,"NVDA,MU,QQQ,SPY,TSLA,AAPL,GOOGL,MSFT,INTC,AMD",13,2,-0.1568,0.0654,-0.2222,-0.716,21.9006,21.7438,False,False,16:00
2026-08-26,movers,vault,"NVDA,SPY,MU,QQQ,TSLA,MSFT,AMD,AAPL,GOOGL,INTC",13,2,-0.0519,0.0652,-0.1171,-0.2382,21.7438,21.692,False,False,16:00
2026-08-27,movers,vault,"NVDA,SPY,META,MU,QQQ,AAPL,MSFT,TSLA,GOOGL,AMD",13,2,-0.2518,0.0647,-0.3165,-0.1498,21.692,21.6595,True,False,16:00
2026-08-28,movers,vault,"NVDA,MU,SPY,QQQ,MSFT,TSLA,AAPL,INTC,AMZN,META",13,2,-0.0385,0.0644,-0.1029,-0.1796,21.4402,21.4017,False,False,16:00
2026-08-31,movers,vault,"NVDA,SPY,QQQ,MU,MSFT,AMZN,AAPL,TSLA,META,GOOGL",13,2,0.0461,0.0644,-0.0183,0.2154,21.4017,21.4478,False,False,16:00
2026-09-01,movers,vault,"SPY,NVDA,QQQ,TSLA,MU,MSFT,AAPL,AMZN,GOOGL,AVGO",13,2,0.0066,0.0644,-0.0578,0.0308,21.4478,21.4544,False,False,16:00
2026-09-02,movers,vault,"SPY,MU,QQQ,NVDA,AAPL,TSLA,MSFT,META,AMZN,GOOGL",13,2,-0.0824,0.0643,-0.1467,-0.3841,21.4544,21.372,False,False,16:00
2026-09-03,movers,vault,"NVDA,SPY,MU,QQQ,AVGO,TSLA,AAPL,META,GOOGL,MSFT",13,2,-0.0255,0.0641,-0.0896,-0.1188,21.372,21.3466,False,False,16:00
2026-09-04,movers,vault,"SPY,NVDA,TSLA,MU,AVGO,QQQ,MSFT,AAPL,META,INTC",13,2,-0.001,0.0641,-0.0651,-0.0047,21.3466,21.3456,False,False,16:00
